{
    "name": "root",
    "metadata": {
        "timer_format_version": "0.1.0",
        "start_time_seconds": "1661341650",
        "python_version": "3.8.10 (default, Jun 22 2022, 20:18:18) \n[GCC 9.4.0]",
        "command_line_arguments": "/home/paul/.local/bin/mlagents-learn --run-id=test2",
        "mlagents_version": "0.29.0",
        "mlagents_envs_version": "0.28.0",
        "communication_protocol_version": "1.5.0",
        "pytorch_version": "1.8.1+cu102",
        "numpy_version": "1.21.2",
        "end_time_seconds": "1661341714"
    },
    "total": 64.5549453270014,
    "count": 1,
    "self": 0.003853443002299173,
    "children": {
        "run_training.setup": {
            "total": 0.07551340899954084,
            "count": 1,
            "self": 0.07551340899954084
        },
        "TrainerController.start_learning": {
            "total": 64.47557847499957,
            "count": 1,
            "self": 0.0009235769994120346,
            "children": {
                "TrainerController._reset_env": {
                    "total": 8.608374157000071,
                    "count": 1,
                    "self": 8.608374157000071
                },
                "TrainerController.advance": {
                    "total": 55.82095493199995,
                    "count": 22,
                    "self": 0.0004462480046640849,
                    "children": {
                        "env_step": {
                            "total": 55.808829610998146,
                            "count": 22,
                            "self": 55.79601621299116,
                            "children": {
                                "SubprocessEnvManager._take_step": {
                                    "total": 0.012447538005289971,
                                    "count": 22,
                                    "self": 0.0010220200128969736,
                                    "children": {
                                        "TorchPolicy.evaluate": {
                                            "total": 0.011425517992392997,
                                            "count": 14,
                                            "self": 0.002424201993562747,
                                            "children": {
                                                "TorchPolicy.sample_actions": {
                                                    "total": 0.00900131599883025,
                                                    "count": 14,
                                                    "self": 0.00900131599883025
                                                }
                                            }
                                        }
                                    }
                                },
                                "workers": {
                                    "total": 0.0003658600016933633,
                                    "count": 21,
                                    "self": 0.0,
                                    "children": {
                                        "worker_root": {
                                            "total": 12.530127736003124,
                                            "count": 21,
                                            "is_parallel": true,
                                            "self": 9.387919892003993,
                                            "children": {
                                                "run_training.setup": {
                                                    "total": 0.0,
                                                    "count": 0,
                                                    "is_parallel": true,
                                                    "self": 0.0,
                                                    "children": {
                                                        "steps_from_proto": {
                                                            "total": 0.0004046829999424517,
                                                            "count": 1,
                                                            "is_parallel": true,
                                                            "self": 0.00016910100021050312,
                                                            "children": {
                                                                "_process_rank_one_or_two_observation": {
                                                                    "total": 0.0002355819997319486,
                                                                    "count": 2,
                                                                    "is_parallel": true,
                                                                    "self": 0.0002355819997319486
                                                                }
                                                            }
                                                        },
                                                        "UnityEnvironment.step": {
                                                            "total": 0.6624719980009104,
                                                            "count": 1,
                                                            "is_parallel": true,
                                                            "self": 8.642700049676932e-05,
                                                            "children": {
                                                                "UnityEnvironment._generate_step_input": {
                                                                    "total": 0.00013460499940265436,
                                                                    "count": 1,
                                                                    "is_parallel": true,
                                                                    "self": 0.00013460499940265436
                                                                },
                                                                "communicator.exchange": {
                                                                    "total": 0.6620419789996959,
                                                                    "count": 1,
                                                                    "is_parallel": true,
                                                                    "self": 0.6620419789996959
                                                                },
                                                                "steps_from_proto": {
                                                                    "total": 0.0002089870013151085,
                                                                    "count": 1,
                                                                    "is_parallel": true,
                                                                    "self": 0.00010542200107011013,
                                                                    "children": {
                                                                        "_process_rank_one_or_two_observation": {
                                                                            "total": 0.00010356500024499837,
                                                                            "count": 2,
                                                                            "is_parallel": true,