{
    "name": "root",
    "metadata": {
        "timer_format_version": "0.1.0",
        "start_time_seconds": "1661341163",
        "python_version": "3.8.10 (default, Jun 22 2022, 20:18:18) \n[GCC 9.4.0]",
        "command_line_arguments": "/home/paul/.local/bin/mlagents-learn --run-id=test1",
        "mlagents_version": "0.29.0",
        "mlagents_envs_version": "0.28.0",
        "communication_protocol_version": "1.5.0",
        "pytorch_version": "1.8.1+cu102",
        "numpy_version": "1.21.2",
        "end_time_seconds": "1661341514"
    },
    "total": 351.16544546600016,
    "count": 1,
    "self": 0.003989426999396528,
    "children": {
        "run_training.setup": {
            "total": 0.07496125400029996,
            "count": 1,
            "self": 0.07496125400029996
        },
        "TrainerController.start_learning": {
            "total": 351.08649478500047,
            "count": 1,
            "self": 0.04647262599610258,
            "children": {
                "TrainerController._reset_env": {
                    "total": 7.654528748000303,
                    "count": 1,
                    "self": 7.654528748000303
                },
                "TrainerController.advance": {
                    "total": 343.3299514230039,
                    "count": 1853,
                    "self": 0.03899142199225025,
                    "children": {
                        "env_step": {
                            "total": 342.15431506803,
                            "count": 1853,
                            "self": 341.0350973070272,
                            "children": {
                                "SubprocessEnvManager._take_step": {
                                    "total": 1.0971591670095222,
                                    "count": 1853,
                                    "self": 0.10049768102908274,
                                    "children": {
                                        "TorchPolicy.evaluate": {
                                            "total": 0.9966614859804395,
                                            "count": 1327,
                                            "self": 0.22018931495040306,
                                            "children": {
                                                "TorchPolicy.sample_actions": {
                                                    "total": 0.7764721710300364,
                                                    "count": 1327,
                                                    "self": 0.7764721710300364
                                                }
                                            }
                                        }
                                    }
                                },
                                "workers": {
                                    "total": 0.02205859399327892,
                                    "count": 1852,
                                    "self": 0.0,
                                    "children": {
                                        "worker_root": {
                                            "total": 324.32827637499395,
                                            "count": 1852,
                                            "is_parallel": true,
                                            "self": 11.724462039013815,
                                            "children": {
                                                "run_training.setup": {
                                                    "total": 0.0,
                                                    "count": 0,
                                                    "is_parallel": true,
                                                    "self": 0.0,
                                                    "children": {
                                                        "steps_from_proto": {
                                                            "total": 0.00037696600156778004,
                                                            "count": 1,
                                                            "is_parallel": true,
                                                            "self": 0.00014196300253388472,
                                                            "children": {
                                                                "_process_rank_one_or_two_observation": {
                                                                    "total": 0.00023500299903389532,
                                                                    "count": 2,
                                                                    "is_parallel": true,
                                                                    "self": 0.00023500299903389532
                                                                }
                                                            }
                                                        },
                                                        "UnityEnvironment.step": {
                                                            "total": 0.03209880299982615,
                                                            "count": 1,
                                                            "is_parallel": true,
                                                            "self": 0.00010981699961121194,
                                                            "children": {
                                                                "UnityEnvironment._generate_step_input": {
                                                                    "total": 0.0004282059999241028,
                                                                    "count": 1,
                                                                    "is_parallel": true,
                                                                    "self": 0.0004282059999241028
                                                                },
                                                                "communicator.exchange": {
                                                                    "total": 0.03128386299977137,
                                                                    "count": 1,
                                                                    "is_parallel": true,
                                                                    "self": 0.03128386299977137
                                                                },
                                                                "steps_from_proto": {
                                                                    "total": 0.000276917000519461,
                                                                    "count": 1,
                                                                    "is_parallel": true,
                                                                    "self": 0.00014340999950945843,
                                                                    "children": {
                                                                        "_process_rank_one_or_two_observation": {
                                                                            "total": 0.00013350700101000257,
                                                                            "count": 2,
                                                                            "is_parallel": true,