{
    "name": "root",
    "metadata": {
        "timer_format_version": "0.1.0",
        "start_time_seconds": "1661877882",
        "python_version": "3.8.10 (default, Jun 22 2022, 20:18:18) \n[GCC 9.4.0]",
        "command_line_arguments": "/home/paul/.local/bin/mlagents-learn --run-id=test15 --time-scale=10",
        "mlagents_version": "0.29.0",
        "mlagents_envs_version": "0.28.0",
        "communication_protocol_version": "1.5.0",
        "pytorch_version": "1.8.1+cu102",
        "numpy_version": "1.21.2",
        "end_time_seconds": "1661878315"
    },
    "total": 432.88213873199857,
    "count": 1,
    "self": 0.004784851998920203,
    "children": {
        "run_training.setup": {
            "total": 0.09359572799985472,
            "count": 1,
            "self": 0.09359572799985472
        },
        "TrainerController.start_learning": {
            "total": 432.7837581519998,
            "count": 1,
            "self": 0.021091554022859782,
            "children": {
                "TrainerController._reset_env": {
                    "total": 10.130946031000349,
                    "count": 1,
                    "self": 10.130946031000349
                },
                "TrainerController.advance": {
                    "total": 422.57513750797625,
                    "count": 811,
                    "self": 0.017626102946451283,
                    "children": {
                        "env_step": {
                            "total": 422.09313909800403,
                            "count": 811,
                            "self": 421.5556125039766,
                            "children": {
                                "SubprocessEnvManager._take_step": {
                                    "total": 0.5273631600139197,
                                    "count": 811,
                                    "self": 0.043259023022983456,
                                    "children": {
                                        "TorchPolicy.evaluate": {
                                            "total": 0.48410413699093624,
                                            "count": 510,
                                            "self": 0.09401069697014464,
                                            "children": {
                                                "TorchPolicy.sample_actions": {
                                                    "total": 0.3900934400207916,
                                                    "count": 510,
                                                    "self": 0.3900934400207916
                                                }
                                            }
                                        }
                                    }
                                },
                                "workers": {
                                    "total": 0.0101634340135206,
                                    "count": 810,
                                    "self": 0.0,
                                    "children": {
                                        "worker_root": {
                                            "total": 348.8854301020092,
                                            "count": 810,
                                            "is_parallel": true,
                                            "self": 12.45134901601341,
                                            "children": {
                                                "run_training.setup": {
                                                    "total": 0.0,
                                                    "count": 0,
                                                    "is_parallel": true,
                                                    "self": 0.0,
                                                    "children": {
                                                        "steps_from_proto": {
                                                            "total": 0.0004250960009812843,
                                                            "count": 1,
                                                            "is_parallel": true,
                                                            "self": 0.00013272800060804002,
                                                            "children": {
                                                                "_process_rank_one_or_two_observation": {
                                                                    "total": 0.0002923680003732443,
                                                                    "count": 2,
                                                                    "is_parallel": true,
                                                                    "self": 0.0002923680003732443
                                                                }
                                                            }
                                                        },
                                                        "UnityEnvironment.step": {
                                                            "total": 0.4722529740010941,
                                                            "count": 1,
                                                            "is_parallel": true,
                                                            "self": 8.666100256959908e-05,
                                                            "children": {
                                                                "UnityEnvironment._generate_step_input": {
                                                                    "total": 0.00011367299885023385,
                                                                    "count": 1,
                                                                    "is_parallel": true,
                                                                    "self": 0.00011367299885023385
                                                                },
                                                                "communicator.exchange": {
                                                                    "total": 0.4718552249996719,
                                                                    "count": 1,
                                                                    "is_parallel": true,
                                                                    "self": 0.4718552249996719
                                                                },
                                                                "steps_from_proto": {
                                                                    "total": 0.00019741500000236556,
                                                                    "count": 1,
                                                                    "is_parallel": true,
                                                                    "self": 9.079399933398236e-05,
                                                                    "children": {
                                                                        "_process_rank_one_or_two_observation": {
                                                                            "total": 0.0001066210006683832,
                                                                            "count": 2,
                                                                            "is_parallel": true,